experiment,position,frame,objects,median_area,fragments,merged,on_trap
2023-05-16_ageing_optoWhi3_PBmutants,0,0,141,202.0,0.2127659574468085,0.0,0.09219858156028368
2023-05-16_ageing_optoWhi3_PBmutants,0,85,147,288.0,0.20408163265306123,0.034013605442176874,0.11564625850340136
2023-05-16_ageing_optoWhi3_PBmutants,0,170,305,297.0,0.20655737704918034,0.26229508196721313,0.05573770491803279
2023-05-16_ageing_optoWhi3_PBmutants,0,255,2262,97.0,0.5937223695844386,0.017241379310344827,0.052608311229000886
2023-05-16_ageing_optoWhi3_PBmutants,1,0,141,205.0,0.1702127659574468,0.0,0.06382978723404255
2023-05-16_ageing_optoWhi3_PBmutants,1,85,169,337.0,0.10650887573964497,0.11242603550295859,0.011834319526627219
2023-05-16_ageing_optoWhi3_PBmutants,1,170,336,367.0,0.15178571428571427,0.24702380952380953,0.005952380952380952
2023-05-16_ageing_optoWhi3_PBmutants,1,255,2430,82.0,0.6613168724279835,0.00905349794238683,0.08683127572016461
2023-05-16_ageing_optoWhi3_PBmutants,15,0,56,220.5,0.17857142857142858,0.0,0.03571428571428571
2023-05-16_ageing_optoWhi3_PBmutants,15,88,49,481.0,0.04081632653061224,0.14285714285714285,0.02040816326530612
2023-05-16_ageing_optoWhi3_PBmutants,15,176,66,453.0,0.12121212121212122,0.3181818181818182,0.045454545454545456
2023-05-16_ageing_optoWhi3_PBmutants,15,265,470,182.0,0.37872340425531914,0.14042553191489363,0.014893617021276596
2023-05-16_ageing_optoWhi3_PBmutants,16,0,16,228.5,0.25,0.0625,0.1875
2023-05-16_ageing_optoWhi3_PBmutants,16,99,123,408.0,0.17073170731707318,0.2032520325203252,0.04878048780487805
2023-05-16_ageing_optoWhi3_PBmutants,16,199,151,532.0,0.12582781456953643,0.33774834437086093,0.013245033112582781
2023-05-16_ageing_optoWhi3_PBmutants,16,299,574,176.0,0.36585365853658536,0.13588850174216027,0.05574912891986063
2023-05-16_ageing_optoWhi3_PBmutants,30,0,126,228.5,0.1746031746031746,0.007936507936507936,0.1111111111111111
2023-05-16_ageing_optoWhi3_PBmutants,30,165,236,321.0,0.21610169491525424,0.2923728813559322,0.046610169491525424
2023-05-16_ageing_optoWhi3_PBmutants,30,331,2216,78.0,0.6376353790613718,0.00631768953068592,0.06633574007220217
2023-05-16_ageing_optoWhi3_PBmutants,30,497,807,41.0,0.7682775712515489,0.009913258983890954,0.07187112763320942
2023-05-16_ageing_optoWhi3_PBmutants,40,0,80,239.5,0.175,0.0,0.0875
2023-05-16_ageing_optoWhi3_PBmutants,40,175,112,458.5,0.13392857142857142,0.375,0.0625
2023-05-16_ageing_optoWhi3_PBmutants,40,351,2471,97.0,0.5835694050991501,0.013354917037636584,0.0679886685552408
2023-05-16_ageing_optoWhi3_PBmutants,40,527,18,46.5,0.7777777777777778,0.05555555555555555,0.0
2023-05-16_ageing_optoWhi3_PBmutants,41,0,71,237.0,0.2112676056338028,0.0,0.11267605633802817
2023-05-16_ageing_optoWhi3_PBmutants,41,170,201,382.0,0.15422885572139303,0.2935323383084577,0.05472636815920398
2023-05-16_ageing_optoWhi3_PBmutants,41,340,2315,66.0,0.7023758099352052,0.005183585313174946,0.12095032397408208
2023-05-16_ageing_optoWhi3_PBmutants,41,511,0,0.0,0.0,0.0,0.0
2023-05-16_ageing_optoWhi3_PBmutants,42,0,57,260.0,0.12280701754385964,0.0,0.12280701754385964
2023-05-16_ageing_optoWhi3_PBmutants,42,165,188,443.5,0.13297872340425532,0.23404255319148937,0.0425531914893617
2023-05-16_ageing_optoWhi3_PBmutants,42,330,2092,53.0,0.7361376673040153,0.005258126195028681,0.10420650095602295
2023-05-16_ageing_optoWhi3_PBmutants,42,496,1754,57.0,0.7109464082098061,0.0034207525655644243,0.11630558722919042
2023-05-16_ageing_optoWhi3_PBmutants,49,0,24,163.5,0.4583333333333333,0.0,0.20833333333333334
2023-05-16_ageing_optoWhi3_PBmutants,49,171,264,225.0,0.21212121212121213,0.08712121212121213,0.04924242424242424
2023-05-16_ageing_optoWhi3_PBmutants,49,342,799,132.0,0.45807259073842305,0.09762202753441802,0.026282853566958697
2023-05-16_ageing_optoWhi3_PBmutants,49,513,293,106.0,0.5255972696245734,0.034129692832764506,0.023890784982935155
2023-05-16_ageing_optoWhi3_PBmutants,50,0,16,212.5,0.25,0.0625,0.1875
2023-05-16_ageing_optoWhi3_PBmutants,50,169,19,447.0,0.05263157894736842,0.21052631578947367,0.0
2023-05-16_ageing_optoWhi3_PBmutants,50,338,1564,114.0,0.5147058823529411,0.021739130434782608,0.03836317135549872
2023-05-16_ageing_optoWhi3_PBmutants,50,508,1682,44.0,0.7841854934601664,0.004161712247324614,0.16587395957193818
2023-05-16_ageing_optoWhi3_PBmutants,51,0,24,226.0,0.20833333333333334,0.0,0.125
2023-05-16_ageing_optoWhi3_PBmutants,51,168,74,298.0,0.20270270270270271,0.17567567567567569,0.17567567567567569
2023-05-16_ageing_optoWhi3_PBmutants,51,337,2607,78.0,0.6620636747219025,0.005370157268891446,0.05523590333716916
2023-05-16_ageing_optoWhi3_PBmutants,51,506,727,32.0,0.8019257221458047,0.005502063273727648,0.09628610729023383
2023-05-16_ageing_optoWhi3_PBmutants,52,0,66,247.0,0.18181818181818182,0.0,0.18181818181818182
2023-05-16_ageing_optoWhi3_PBmutants,52,175,338,239.0,0.21005917159763313,0.16568047337278108,0.05325443786982249
2023-05-16_ageing_optoWhi3_PBmutants,52,351,2237,67.0,0.711220384443451,0.0049172999552972736,0.11980330800178811
2023-05-16_ageing_optoWhi3_PBmutants,52,527,488,42.5,0.7008196721311475,0.01639344262295082,0.13319672131147542
2023-05-16_ageing_optoWhi3_PBmutants,53,0,92,249.5,0.13043478260869565,0.010869565217391304,0.25
2023-05-16_ageing_optoWhi3_PBmutants,53,166,245,315.0,0.1346938775510204,0.23673469387755103,0.11836734693877551
2023-05-16_ageing_optoWhi3_PBmutants,53,333,1823,60.0,0.7284695556774547,0.004388370817334065,0.14646187602852442
2023-05-16_ageing_optoWhi3_PBmutants,53,500,426,27.5,0.8075117370892019,0.018779342723004695,0.17370892018779344
2023-05-23_ageing_optoWhi3_PBmutants_noLight,3,0,142,224.5,0.15492957746478872,0.007042253521126761,0.38028169014084506
2023-05-23_ageing_optoWhi3_PBmutants_noLight,3,104,194,235.0,0.18556701030927836,0.09278350515463918,0.015463917525773196
2023-05-23_ageing_optoWhi3_PBmutants_noLight,3,209,307,271.0,0.20846905537459284,0.17263843648208468,0.009771986970684038
2023-05-23_ageing_optoWhi3_PBmutants_noLight,3,314,2247,71.0,0.6969292389853138,0.024922118380062305,0.09212283044058744
2023-05-23_ageing_optoWhi3_PBmutants_noLight,6,0,164,209.0,0.1951219512195122,0.006097560975609756,0.35365853658536583
2023-05-23_ageing_optoWhi3_PBmutants_noLight,6,103,118,255.5,0.16101694915254236,0.07627118644067797,0.01694915254237288
2023-05-23_ageing_optoWhi3_PBmutants_noLight,6,206,154,325.5,0.22077922077922077,0.18831168831168832,0.032467532467532464
2023-05-23_ageing_optoWhi3_PBmutants_noLight,6,310,1916,96.0,0.5819415448851775,0.032359081419624215,0.04018789144050104
2023-05-23_ageing_optoWhi3_PBmutants_noLight,7,0,85,191.0,0.1411764705882353,0.0,0.5882352941176471
2023-05-23_ageing_optoWhi3_PBmutants_noLight,7,103,121,207.0,0.19834710743801653,0.024793388429752067,0.024793388429752067
2023-05-23_ageing_optoWhi3_PBmutants_noLight,7,207,127,306.0,0.2047244094488189,0.14960629921259844,0.015748031496062992
2023-05-23_ageing_optoWhi3_PBmutants_noLight,7,311,2073,97.0,0.5817655571635311,0.022672455378678243,0.032320308731307285
2023-05-23_ageing_optoWhi3_PBmutants_noLight,11,0,119,214.0,0.16806722689075632,0.008403361344537815,0.3949579831932773
2023-05-23_ageing_optoWhi3_PBmutants_noLight,11,103,94,205.0,0.19148936170212766,0.0,0.05319148936170213
2023-05-23_ageing_optoWhi3_PBmutants_noLight,11,206,107,303.0,0.14953271028037382,0.16822429906542055,0.0
2023-05-23_ageing_optoWhi3_PBmutants_noLight,11,310,278,252.5,0.24100719424460432,0.15827338129496402,0.025179856115107913
2023-05-23_ageing_optoWhi3_PBmutants_noLight,12,0,92,201.0,0.17391304347826086,0.0,0.358695652173913
2023-05-23_ageing_optoWhi3_PBmutants_noLight,12,103,100,217.0,0.2,0.03,0.04
2023-05-23_ageing_optoWhi3_PBmutants_noLight,12,206,128,239.0,0.2734375,0.1875,0.03125
2023-05-23_ageing_optoWhi3_PBmutants_noLight,12,310,404,256.0,0.22524752475247525,0.17574257425742573,0.012376237623762377
2023-05-23_ageing_optoWhi3_PBmutants_noLight,14,0,45,191.0,0.2,0.0,0.24444444444444444
2023-05-23_ageing_optoWhi3_PBmutants_noLight,14,103,56,193.0,0.2857142857142857,0.03571428571428571,0.017857142857142856
2023-05-23_ageing_optoWhi3_PBmutants_noLight,14,206,66,218.5,0.18181818181818182,0.045454545454545456,0.015151515151515152
2023-05-23_ageing_optoWhi3_PBmutants_noLight,14,310,84,319.5,0.17857142857142858,0.21428571428571427,0.03571428571428571
2023-05-23_ageing_optoWhi3_PBmutants_noLight,15,0,137,213.0,0.1386861313868613,0.0,0.41605839416058393
2023-05-23_ageing_optoWhi3_PBmutants_noLight,15,103,148,219.5,0.17567567567567569,0.0,0.08783783783783784
2023-05-23_ageing_optoWhi3_PBmutants_noLight,15,206,154,359.5,0.14285714285714285,0.16883116883116883,0.012987012987012988
2023-05-23_ageing_optoWhi3_PBmutants_noLight,15,310,258,345.5,0.16666666666666666,0.20930232558139536,0.050387596899224806
2023-05-23_ageing_optoWhi3_PBmutants_noLight,21,0,121,190.0,0.18181818181818182,0.0,0.39669421487603307
2023-05-23_ageing_optoWhi3_PBmutants_noLight,21,93,123,224.0,0.21951219512195122,0.024390243902439025,0.008130081300813009
2023-05-23_ageing_optoWhi3_PBmutants_noLight,21,186,115,240.0,0.16521739130434782,0.10434782608695652,0.008695652173913044
2023-05-23_ageing_optoWhi3_PBmutants_noLight,21,280,159,371.0,0.15723270440251572,0.18867924528301888,0.012578616352201259
2023-05-23_ageing_optoWhi3_PBmutants_noLight,35,0,61,280.0,0.11475409836065574,0.09836065573770492,0.09836065573770492
2023-05-23_ageing_optoWhi3_PBmutants_noLight,35,103,97,371.0,0.1958762886597938,0.25773195876288657,0.020618556701030927
2023-05-23_ageing_optoWhi3_PBmutants_noLight,35,206,99,422.0,0.1919191919191919,0.20202020202020202,0.0
2023-05-23_ageing_optoWhi3_PBmutants_noLight,35,310,568,311.0,0.18838028169014084,0.1742957746478873,0.007042253521126761
2023-05-23_ageing_optoWhi3_PBmutants_noLight,46,0,87,248.0,0.20689655172413793,0.05747126436781609,0.22988505747126436
2023-05-23_ageing_optoWhi3_PBmutants_noLight,46,93,84,332.0,0.14285714285714285,0.09523809523809523,0.03571428571428571
2023-05-23_ageing_optoWhi3_PBmutants_noLight,46,186,61,504.0,0.11475409836065574,0.22950819672131148,0.01639344262295082
2023-05-23_ageing_optoWhi3_PBmutants_noLight,46,280,54,475.5,0.07407407407407407,0.14814814814814814,0.0
2023-05-23_ageing_optoWhi3_PBmutants_noLight,47,0,49,213.0,0.1836734693877551,0.0,0.2857142857142857
2023-05-23_ageing_optoWhi3_PBmutants_noLight,47,93,137,360.0,0.1386861313868613,0.0948905109489051,0.08029197080291971
2023-05-23_ageing_optoWhi3_PBmutants_noLight,47,186,126,503.0,0.12698412698412698,0.31746031746031744,0.0
2023-05-23_ageing_optoWhi3_PBmutants_noLight,47,280,363,208.0,0.3774104683195592,0.09366391184573003,0.030303030303030304
2023-05-23_ageing_optoWhi3_PBmutants_noLight,48,0,26,118.5,0.5,0.0,0.23076923076923078
2023-05-23_ageing_optoWhi3_PBmutants_noLight,48,106,169,337.0,0.1893491124260355,0.15976331360946747,0.04142011834319527
2023-05-23_ageing_optoWhi3_PBmutants_noLight,48,212,265,406.0,0.2037735849056604,0.2679245283018868,0.03773584905660377
2023-05-23_ageing_optoWhi3_PBmutants_noLight,48,318,1918,132.0,0.4629822732012513,0.025547445255474453,0.06882168925964546
2023-05-23_ageing_optoWhi3_PBmutants_noLight,62,0,30,200.0,0.16666666666666666,0.0,0.4666666666666667
2023-05-23_ageing_optoWhi3_PBmutants_noLight,62,103,121,233.0,0.1652892561983471,0.0,0.008264462809917356
2023-05-23_ageing_optoWhi3_PBmutants_noLight,62,206,144,342.0,0.1736111111111111,0.125,0.006944444444444444
2023-05-23_ageing_optoWhi3_PBmutants_noLight,62,310,844,184.0,0.35545023696682465,0.09123222748815166,0.011848341232227487
2023-05-23_ageing_optoWhi3_PBmutants_noLight,64,0,56,178.5,0.26785714285714285,0.0,0.5178571428571429
2023-05-23_ageing_optoWhi3_PBmutants_noLight,64,103,91,194.0,0.3076923076923077,0.0,0.054945054945054944
2023-05-23_ageing_optoWhi3_PBmutants_noLight,64,206,115,347.0,0.2,0.19130434782608696,0.05217391304347826
2023-05-23_ageing_optoWhi3_PBmutants_noLight,64,310,744,190.0,0.34946236559139787,0.14381720430107528,0.04704301075268817
2023-05-23_ageing_optoWhi3_PBmutants_noLight,65,0,26,205.5,0.23076923076923078,0.0,0.5384615384615384
2023-05-23_ageing_optoWhi3_PBmutants_noLight,65,93,137,242.0,0.21897810218978103,0.0,0.06569343065693431
2023-05-23_ageing_optoWhi3_PBmutants_noLight,65,186,187,349.0,0.22459893048128343,0.20855614973262032,0.06951871657754011
2023-05-23_ageing_optoWhi3_PBmutants_noLight,65,280,1130,167.5,0.3566371681415929,0.1415929203539823,0.05309734513274336
2023-05-23_ageing_optoWhi3_PBmutants_noLight,66,0,49,209.0,0.24489795918367346,0.0,0.2857142857142857
2023-05-23_ageing_optoWhi3_PBmutants_noLight,66,93,147,248.0,0.17006802721088435,0.034013605442176874,0.04081632653061224
2023-05-23_ageing_optoWhi3_PBmutants_noLight,66,186,219,343.0,0.1461187214611872,0.2237442922374429,0.0091324200913242
2023-05-23_ageing_optoWhi3_PBmutants_noLight,66,280,1439,131.0,0.46907574704656013,0.09242529534398888,0.06045865184155664
2023-05-23_ageing_optoWhi3_PBmutants_noLight,67,0,49,196.0,0.1836734693877551,0.0,0.32653061224489793
2023-05-23_ageing_optoWhi3_PBmutants_noLight,67,93,96,253.0,0.14583333333333334,0.020833333333333332,0.07291666666666667
2023-05-23_ageing_optoWhi3_PBmutants_noLight,67,186,148,352.5,0.1891891891891892,0.22297297297297297,0.0472972972972973
2023-05-23_ageing_optoWhi3_PBmutants_noLight,67,280,975,123.0,0.48615384615384616,0.09948717948717949,0.07794871794871795
2023-07-20_ageing_optoWhi3_Lsm4dC_Edc3dYjef_LightOn,0,0,51,236.0,0.13725490196078433,0.0196078431372549,0.0196078431372549
2023-07-20_ageing_optoWhi3_Lsm4dC_Edc3dYjef_LightOn,0,124,92,394.0,0.13043478260869565,0.20652173913043478,0.03260869565217391
2023-07-20_ageing_optoWhi3_Lsm4dC_Edc3dYjef_LightOn,0,248,204,317.0,0.20588235294117646,0.22549019607843138,0.0196078431372549
2023-07-20_ageing_optoWhi3_Lsm4dC_Edc3dYjef_LightOn,0,372,2256,66.0,0.725177304964539,0.015070921985815602,0.05895390070921986
2023-07-20_ageing_optoWhi3_Lsm4dC_Edc3dYjef_LightOn,17,0,126,238.0,0.1746031746031746,0.015873015873015872,0.03968253968253968
2023-07-20_ageing_optoWhi3_Lsm4dC_Edc3dYjef_LightOn,17,125,121,437.0,0.049586776859504134,0.2727272727272727,0.0
2023-07-20_ageing_optoWhi3_Lsm4dC_Edc3dYjef_LightOn,17,251,292,339.0,0.1952054794520548,0.2328767123287671,0.003424657534246575
2023-07-20_ageing_optoWhi3_Lsm4dC_Edc3dYjef_LightOn,17,377,2330,80.0,0.6356223175965665,0.018025751072961373,0.06523605150214593
2023-07-20_ageing_optoWhi3_Lsm4dC_Edc3dYjef_LightOn,18,0,116,240.5,0.1896551724137931,0.0,0.0603448275862069
2023-07-20_ageing_optoWhi3_Lsm4dC_Edc3dYjef_LightOn,18,130,147,393.0,0.19727891156462585,0.20408163265306123,0.05442176870748299
2023-07-20_ageing_optoWhi3_Lsm4dC_Edc3dYjef_LightOn,18,261,2228,104.5,0.5552064631956912,0.047127468581687613,0.06732495511669659
2023-07-20_ageing_optoWhi3_Lsm4dC_Edc3dYjef_LightOn,18,392,553,41.0,0.7450271247739603,0.012658227848101266,0.045207956600361664
2023-07-20_ageing_optoWhi3_Lsm4dC_Edc3dYjef_LightOn,19,0,109,248.0,0.10091743119266056,0.0,0.009174311926605505
2023-07-20_ageing_optoWhi3_Lsm4dC_Edc3dYjef_LightOn,19,131,200,392.5,0.16,0.275,0.02
2023-07-20_ageing_optoWhi3_Lsm4dC_Edc3dYjef_LightOn,19,263,2151,75.0,0.6429567642956764,0.029288702928870293,0.07298930729893073
2023-07-20_ageing_optoWhi3_Lsm4dC_Edc3dYjef_LightOn,19,395,750,46.0,0.7306666666666667,0.02,0.048
2023-07-25_ageing_optoWhi3_Lsm4dC_Edc3dYjef_LightOff,9,0,66,256.5,0.09090909090909091,0.015151515151515152,0.030303030303030304
2023-07-25_ageing_optoWhi3_Lsm4dC_Edc3dYjef_LightOff,9,102,56,310.0,0.25,0.05357142857142857,0.08928571428571429
2023-07-25_ageing_optoWhi3_Lsm4dC_Edc3dYjef_LightOff,9,204,78,501.5,0.1794871794871795,0.34615384615384615,0.038461538461538464
2023-07-25_ageing_optoWhi3_Lsm4dC_Edc3dYjef_LightOff,9,306,267,248.0,0.29213483146067415,0.20224719101123595,0.011235955056179775
2023-07-25_ageing_optoWhi3_Lsm4dC_Edc3dYjef_LightOff,10,0,51,241.0,0.0784313725490196,0.0196078431372549,0.0392156862745098
2023-07-25_ageing_optoWhi3_Lsm4dC_Edc3dYjef_LightOff,10,102,83,378.0,0.12048192771084337,0.024096385542168676,0.024096385542168676
2023-07-25_ageing_optoWhi3_Lsm4dC_Edc3dYjef_LightOff,10,204,125,506.0,0.136,0.368,0.024
2023-07-25_ageing_optoWhi3_Lsm4dC_Edc3dYjef_LightOff,10,306,1567,101.0,0.5871091257179324,0.03318442884492661,0.0408423739629866
2023-07-25_ageing_optoWhi3_Lsm4dC_Edc3dYjef_LightOff,22,0,66,194.5,0.19696969696969696,0.0,0.030303030303030304
2023-07-25_ageing_optoWhi3_Lsm4dC_Edc3dYjef_LightOff,22,135,71,335.0,0.18309859154929578,0.08450704225352113,0.014084507042253521
2023-07-25_ageing_optoWhi3_Lsm4dC_Edc3dYjef_LightOff,22,270,98,465.5,0.09183673469387756,0.3163265306122449,0.01020408163265306
2023-07-25_ageing_optoWhi3_Lsm4dC_Edc3dYjef_LightOff,22,406,126,518.0,0.1349206349206349,0.3333333333333333,0.031746031746031744
2023-07-25_ageing_optoWhi3_Lsm4dC_Edc3dYjef_LightOff,26,0,105,198.0,0.11428571428571428,0.0,0.01904761904761905
2023-07-25_ageing_optoWhi3_Lsm4dC_Edc3dYjef_LightOff,26,135,147,277.0,0.14285714285714285,0.061224489795918366,0.034013605442176874
2023-07-25_ageing_optoWhi3_Lsm4dC_Edc3dYjef_LightOff,26,270,233,340.0,0.18454935622317598,0.24892703862660945,0.034334763948497854
2023-07-25_ageing_optoWhi3_Lsm4dC_Edc3dYjef_LightOff,26,406,2357,86.0,0.6347051336444633,0.028850233347475603,0.06364022061943148
2023-07-25_ageing_optoWhi3_Lsm4dC_Edc3dYjef_LightOff,36,0,23,219.0,0.08695652173913043,0.0,0.0
2023-07-25_ageing_optoWhi3_Lsm4dC_Edc3dYjef_LightOff,36,102,33,231.0,0.24242424242424243,0.030303030303030304,0.0
2023-07-25_ageing_optoWhi3_Lsm4dC_Edc3dYjef_LightOff,36,204,44,417.5,0.06818181818181818,0.3181818181818182,0.022727272727272728
2023-07-25_ageing_optoWhi3_Lsm4dC_Edc3dYjef_LightOff,36,306,91,340.0,0.1978021978021978,0.21978021978021978,0.0
